NAME,B09019_011E,B09019_013E,B09019_009E,B09019_010E,state,congressional district,same_sex_couples_est,total_persons_in_couples,total_couples_est,same_sex_couple_rate,sogi_score_raw
"Congressional District 1 (118th Congress), Alabama",1888,847,109939,132565,01,01,1367.5,245239,122619.5,0.011152386039740824,1.1152386039740825
"Congressional District 2 (118th Congress), Alabama",875,1512,106394,128960,01,02,1193.5,237741,118870.5,0.010040338014898566,1.0040338014898567
"Congressional District 3 (118th Congress), Alabama",1451,365,109981,132516,01,03,908.0,244313,122156.5,0.007433087883166266,0.7433087883166266
"Congressional District 4 (118th Congress), Alabama",1523,892,101959,143502,01,04,1207.5,247876,123938.0,0.009742774613113007,0.9742774613113008
"Congressional District 5 (118th Congress), Alabama",1090,1073,104545,157195,01,05,1081.5,263903,131951.5,0.008196193298295207,0.8196193298295207
"Congressional District 6 (118th Congress), Alabama",1131,745,104303,149013,01,06,938.0,255192,127596.0,0.007351327627825323,0.7351327627825324
"Congressional District 7 (118th Congress), Alabama",1683,1332,104533,96201,01,07,1507.5,203749,101874.5,0.014797618638619085,1.4797618638619086
"Congressional District (at Large) (118th Congress), Alaska",1653,716,93537,126021,02,00,1184.5,221927,110963.5,0.010674681314125816,1.0674681314125816
"Congressional District 1 (118th Congress), Arizona",2706,844,110888,157922,04,01,1775.0,272360,136180.0,0.013034219415479512,1.303421941547951
"Congressional District 2 (118th Congress), Arizona",1668,2497,118208,157548,04,02,2082.5,279921,139960.5,0.014879198059452488,1.4879198059452488
"Congressional District 3 (118th Congress), Arizona",2442,1931,108913,94382,04,03,2186.5,207668,103834.0,0.021057649710114222,2.105764971011422
"Congressional District 4 (118th Congress), Arizona",2922,2882,114793,128351,04,04,2902.0,248948,124474.0,0.023314105757025562,2.3314105757025563
"Congressional District 5 (118th Congress), Arizona",1981,620,115418,181422,04,05,1300.5,299441,149720.5,0.008686185258531732,0.8686185258531731
"Congressional District 6 (118th Congress), Arizona",2233,1130,114358,168522,04,06,1681.5,286243,143121.5,0.011748758921615551,1.1748758921615552
"Congressional District 7 (118th Congress), Arizona",1707,1301,112041,118450,04,07,1504.0,233499,116749.5,0.01288228215110129,1.288228215110129
"Congressional District 8 (118th Congress), Arizona",1986,1317,110683,158328,04,08,1651.5,272314,136157.0,0.012129380053908356,1.2129380053908356
"Congressional District 9 (118th Congress), Arizona",1880,326,121021,176181,04,09,1103.0,299408,149704.0,0.007367872601934484,0.7367872601934484
"Congressional District 1 (118th Congress), Arkansas",1487,462,106902,136071,05,01,974.5,244922,122461.0,0.007957635492115858,0.7957635492115858
"Congressional District 2 (118th Congress), Arkansas",1341,681,110056,146236,05,02,1011.0,258314,129157.0,0.007827682587858188,0.7827682587858188
"Congressional District 3 (118th Congress), Arkansas",1737,682,112042,156562,05,03,1209.5,271023,135511.5,0.008925441752176015,0.8925441752176015
"Congressional District 4 (118th Congress), Arkansas",656,848,104434,129963,05,04,752.0,235901,117950.5,0.006375555847580129,0.6375555847580129
"Congressional District 1 (118th Congress), California",1753,526,112234,133504,06,01,1139.5,248017,124008.5,0.0091888862457009,0.9188886245700899
"Congressional District 2 (118th Congress), California",2341,1906,104028,137568,06,02,2123.5,245843,122921.5,0.017275252905309485,1.7275252905309486
"Congressional District 3 (118th Congress), California",2255,958,116292,177098,06,03,1606.5,296603,148301.5,0.010832661840911926,1.0832661840911926
"Congressional District 4 (118th Congress), California",1926,1081,106145,131126,06,04,1503.5,240278,120139.0,0.012514670506663115,1.2514670506663115
"Congressional District 5 (118th Congress), California",2352,668,113970,152039,06,05,1510.0,269029,134514.5,0.011225555609246587,1.1225555609246587
"Congressional District 6 (118th Congress), California",2310,599,103280,117961,06,06,1454.5,224150,112075.0,0.012977916573722954,1.2977916573722954
"Congressional District 7 (118th Congress), California",2646,1990,98941,121849,06,07,2318.0,225426,112713.0,0.020565507084364713,2.0565507084364714
"Congressional District 8 (118th Congress), California",1961,878,95188,123336,06,08,1419.5,221363,110681.5,0.012825088203538983,1.2825088203538983
"Congressional District 9 (118th Congress), California",1325,778,95984,125855,06,09,1051.5,223942,111971.0,0.009390824409891847,0.9390824409891847
"Congressional District 10 (118th Congress), California",3189,840,93256,157178,06,10,2014.5,254463,127231.5,0.015833343157944376,1.5833343157944375
"Congressional District 11 (118th Congress), California",6717,3628,89846,103852,06,11,5172.5,204043,102021.5,0.050700097528462135,5.070009752846214
"Congressional District 12 (118th Congress), California",3885,4415,94214,106429,06,12,4150.0,208943,104471.5,0.03972375241094461,3.9723752410944613
"Congressional District 13 (118th Congress), California",517,758,88531,110994,06,13,637.5,200800,100400.0,0.0063496015936254984,0.6349601593625498
"Congressional District 14 (118th Congress), California",1826,505,83040,146018,06,14,1165.5,231389,115694.5,0.010073944742403486,1.0073944742403484
"Congressional District 15 (118th Congress), California",2139,1187,89920,129852,06,15,1663.0,223098,111549.0,0.014908246600148814,1.4908246600148813
"Congressional District 16 (118th Congress), California",2859,1063,81309,148400,06,16,1961.0,233631,116815.5,0.016787155814082893,1.6787155814082892
"Congressional District 17 (118th Congress), California",1530,1004,77350,149661,06,17,1267.0,229545,114772.5,0.011039229780653031,1.103922978065303
"Congressional District 18 (118th Congress), California",1255,939,83740,102878,06,18,1097.0,188812,94406.0,0.011620024151007352,1.1620024151007353
"Congressional District 19 (118th Congress), California",2481,743,94932,138275,06,19,1612.0,236431,118215.5,0.013636113707593336,1.3636113707593336
"Congressional District 20 (118th Congress), California",2095,898,104945,138684,06,20,1496.5,246622,123311.0,0.01213598138041213,1.2135981380412129
"Congressional District 21 (118th Congress), California",1151,1224,93919,98292,06,21,1187.5,194586,97293.0,0.012205400182952525,1.2205400182952524
"Congressional District 22 (118th Congress), California",1465,471,90101,98744,06,22,968.0,190781,95390.5,0.01014776104538712,1.014776104538712
"Congressional District 23 (118th Congress), California",2035,234,101796,118292,06,23,1134.5,222357,111178.5,0.01020431108532675,1.020431108532675
"Congressional District 24 (118th Congress), California",1481,644,96793,126799,06,24,1062.5,225717,112858.5,0.009414443750359963,0.9414443750359963
"Congressional District 25 (118th Congress), California",2951,1372,96679,118688,06,25,2161.5,219690,109845.0,0.019677727707223817,1.9677727707223818
"Congressional District 26 (118th Congress), California",2124,562,90907,136473,06,26,1343.0,230066,115033.0,0.0116749106778055,1.16749106778055
"Congressional District 27 (118th Congress), California",1739,883,88565,131694,06,27,1311.0,222881,111440.5,0.011764125250694316,1.1764125250694317
"Congressional District 28 (118th Congress), California",2471,1706,96817,133801,06,28,2088.5,234795,117397.5,0.017789987009944847,1.7789987009944848
"Congressional District 29 (118th Congress), California",1886,633,86209,95563,06,29,1259.5,184291,92145.5,0.013668600202939916,1.3668600202939916
"Congressional District 30 (118th Congress), California",4110,4145,96766,111489,06,30,4127.5,216510,108255.0,0.038127569165396516,3.8127569165396515
"Congressional District 31 (118th Congress), California",1897,232,88843,107600,06,31,1064.5,198572,99286.0,0.010721551880426243,1.0721551880426243
"Congressional District 32 (118th Congress), California",2003,1406,98294,133961,06,32,1704.5,235664,117832.0,0.014465510217937402,1.44655102179374
"Congressional District 33 (118th Congress), California",1088,732,90571,106387,06,33,910.0,198778,99389.0,0.009155942810572599,0.9155942810572599
"Congressional District 34 (118th Congress), California",1690,1886,82370,82182,06,34,1788.0,168128,84064.0,0.021269508945565285,2.1269508945565283
"Congressional District 35 (118th Congress), California",1576,964,94498,111149,06,35,1270.0,208187,104093.5,0.012200569680143332,1.2200569680143332
"Congressional District 36 (118th Congress), California",2911,1412,94110,135267,06,36,2161.5,233700,116850.0,0.018498074454428755,1.8498074454428755
"Congressional District 37 (118th Congress), California",1379,2383,96238,78677,06,37,1881.0,178677,89338.5,0.021054752430363168,2.1054752430363166
"Congressional District 38 (118th Congress), California",1753,558,88539,116843,06,38,1155.5,207693,103846.5,0.011126999947037213,1.1126999947037213
"Congressional District 39 (118th Congress), California",1500,1023,94671,105607,06,39,1261.5,202801,101400.5,0.01244076705736165,1.244076705736165
"Congressional District 40 (118th Congress), California",1066,417,92558,163015,06,40,741.5,257056,128528.0,0.005769170919955185,0.5769170919955184
"Congressional District 41 (118th Congress), California",5587,2803,97500,148060,06,41,4195.0,253950,126975.0,0.033037999606221696,3.3037999606221695
"Congressional District 42 (118th Congress), California",2550,1782,90695,97711,06,42,2166.0,192738,96369.0,0.022476107461943156,2.2476107461943156
"Congressional District 43 (118th Congress), California",1224,584,93398,88021,06,43,904.0,183227,91613.5,0.009867541355804548,0.9867541355804548
"Congressional District 44 (118th Congress), California",1038,1010,91502,100947,06,44,1024.0,194497,97248.5,0.010529725394222018,1.0529725394222018
"Congressional District 45 (118th Congress), California",1997,492,87114,130528,06,45,1244.5,220131,110065.5,0.011306903616482912,1.130690361648291
"Congressional District 46 (118th Congress), California",1004,605,88926,105448,06,46,804.5,195983,97991.5,0.008209895756264574,0.8209895756264574
"Congressional District 47 (118th Congress), California",1209,631,95848,140250,06,47,920.0,237938,118969.0,0.0077331069438257025,0.7733106943825703
"Congressional District 48 (118th Congress), California",1296,715,95710,149822,06,48,1005.5,247543,123771.5,0.00812384111043334,0.812384111043334
"Congressional District 49 (118th Congress), California",1017,482,97942,152426,06,49,749.5,251867,125933.5,0.005951553796249608,0.5951553796249608
"Congressional District 50 (118th Congress), California",3792,2538,104623,135747,06,50,3165.0,246700,123350.0,0.025658694770976896,2.5658694770976895
"Congressional District 51 (118th Congress), California",2612,2007,94577,128306,06,51,2309.5,227502,113751.0,0.02030311821434537,2.030311821434537
"Congressional District 52 (118th Congress), California",1383,667,91926,113451,06,52,1025.0,207427,103713.5,0.009882994981366938,0.9882994981366938
"Congressional District 1 (118th Congress), Colorado",2763,3989,100377,107873,08,01,3376.0,215002,107501.0,0.031404359029218336,3.1404359029218334
"Congressional District 2 (118th Congress), Colorado",3343,1632,101044,142599,08,02,2487.5,248618,124309.0,0.020010618700174565,2.0010618700174563
"Congressional District 3 (118th Congress), Colorado",1206,1267,114465,145098,08,03,1236.5,262036,131018.0,0.009437634523500587,0.9437634523500587
"Congressional District 4 (118th Congress), Colorado",1838,1170,105843,169879,08,04,1504.0,278730,139365.0,0.010791805690094356,1.0791805690094356
"Congressional District 5 (118th Congress), Colorado",2066,910,100766,154028,08,05,1488.0,257770,128885.0,0.011545175932032432,1.1545175932032432
"Congressional District 6 (118th Congress), Colorado",2207,1474,100384,137077,08,06,1840.5,241142,120571.0,0.015264864685537982,1.5264864685537982
"Congressional District 7 (118th Congress), Colorado",3713,1747,105198,146408,08,07,2730.0,257066,128533.0,0.021239681638178524,2.1239681638178523
"Congressional District 8 (118th Congress), Colorado",672,1065,107402,140358,08,08,868.5,249497,124748.5,0.006962007559209129,0.6962007559209129
"Congressional District 1 (118th Congress), Connecticut",1257,1209,105187,125934,09,01,1233.0,233587,116793.5,0.010557094358847025,1.0557094358847023
"Congressional District 2 (118th Congress), Connecticut",1499,1020,109164,147958,09,02,1259.5,259641,129820.5,0.009701857564868414,0.9701857564868414
"Congressional District 3 (118th Congress), Connecticut",1992,902,113285,119683,09,03,1447.0,235862,117931.0,0.012269886628621822,1.2269886628621822
"Congressional District 4 (118th Congress), Connecticut",1197,843,93494,136516,09,04,1020.0,232050,116025.0,0.008791208791208791,0.8791208791208791
"Congressional District 5 (118th Congress), Connecticut",922,1218,100448,130028,09,05,1070.0,232616,116308.0,0.009199711111875366,0.9199711111875366
"Congressional District (at Large) (118th Congress), Delaware",4708,1602,149651,191494,10,00,3155.0,347455,173727.5,0.018160625116921614,1.8160625116921614
"Delegate District (at Large) (118th Congress), District of Columbia",5238,3986,96348,79360,11,98,4612.0,184932,92466.0,0.049877792918478145,4.987779291847814
"Congressional District 1 (118th Congress), Florida",1254,1046,111392,155418,12,01,1150.0,269110,134555.0,0.008546690944223551,0.8546690944223551
"Congressional District 2 (118th Congress), Florida",1503,1483,117048,135329,12,02,1493.0,255363,127681.5,0.011693158366717183,1.1693158366717182
"Congressional District 3 (118th Congress), Florida",1828,841,116391,139767,12,03,1334.5,258827,129413.5,0.010311907181244615,1.0311907181244615
"Congressional District 4 (118th Congress), Florida",1427,2271,127210,142157,12,04,1849.0,273065,136532.5,0.013542563125995642,1.3542563125995641
"Congressional District 5 (118th Congress), Florida",1560,1497,114230,166110,12,05,1528.5,283397,141698.5,0.01078698786507973,1.078698786507973
"Congressional District 6 (118th Congress), Florida",1509,887,121811,161561,12,06,1198.0,285768,142884.0,0.008384423728339072,0.8384423728339072
"Congressional District 7 (118th Congress), Florida",1360,1251,115732,157457,12,07,1305.5,275800,137900.0,0.009467005076142131,0.9467005076142131
"Congressional District 8 (118th Congress), Florida",1557,676,112152,162355,12,08,1116.5,276740,138370.0,0.008068945580689456,0.8068945580689456
"Congressional District 9 (118th Congress), Florida",2036,1351,123558,148046,12,09,1693.5,274991,137495.5,0.012316766730547546,1.2316766730547546
"Congressional District 10 (118th Congress), Florida",2888,2400,114612,113706,12,10,2644.0,233606,116803.0,0.02263640488686078,2.2636404886860784
"Congressional District 11 (118th Congress), Florida",2918,971,120395,190450,12,11,1944.5,314734,157367.0,0.012356466095178787,1.2356466095178786
"Congressional District 12 (118th Congress), Florida",2521,958,120207,163785,12,12,1739.5,287471,143735.5,0.012102090297803953,1.2102090297803954
"Congressional District 16 (118th Congress), Florida",1667,1617,116470,176643,12,16,1642.0,296397,148198.5,0.011079734275313178,1.1079734275313178
"Congressional District 13 (118th Congress), Florida",3143,1455,108957,145231,12,13,2299.0,258786,129393.0,0.017767576298563292,1.7767576298563292
"Congressional District 14 (118th Congress), Florida",2097,2595,108782,125696,12,14,2346.0,239170,119585.0,0.019617845047455784,1.9617845047455784
"Congressional District 15 (118th Congress), Florida",2415,1401,108639,141844,12,15,1908.0,254299,127149.5,0.015005957553903083,1.5005957553903084
"Congressional District 17 (118th Congress), Florida",3229,921,125461,189895,12,17,2075.0,319506,159753.0,0.01298880146225736,1.298880146225736
"Congressional District 18 (118th Congress), Florida",2301,2202,123008,156248,12,18,2251.5,283759,141879.5,0.015869100187130628,1.5869100187130627
"Congressional District 19 (118th Congress), Florida",1316,859,101561,171654,12,19,1087.5,275390,137695.0,0.007897890264715494,0.7897890264715494
"Congressional District 20 (118th Congress), Florida",2324,1664,113748,105484,12,20,1994.0,223220,111610.0,0.01786578263596452,1.786578263596452
"Congressional District 21 (118th Congress), Florida",1488,500,114088,166889,12,21,994.0,282965,141482.5,0.007025603873270546,0.7025603873270546
"Congressional District 22 (118th Congress), Florida",2562,1033,99445,145786,12,22,1797.5,248826,124413.0,0.014447847089934332,1.4447847089934331
"Congressional District 23 (118th Congress), Florida",3441,2866,103296,144576,12,23,3153.5,254179,127089.5,0.02481322217807136,2.481322217807136
"Congressional District 24 (118th Congress), Florida",3028,2581,105685,105295,12,24,2804.5,216589,108294.5,0.025896975377327564,2.5896975377327562
"Congressional District 25 (118th Congress), Florida",2313,1069,104790,142087,12,25,1691.0,250259,125129.5,0.013513999496521604,1.3513999496521605
"Congressional District 26 (118th Congress), Florida",2501,958,114564,143077,12,26,1729.5,261100,130550.0,0.013247797778628877,1.3247797778628878
"Congressional District 27 (118th Congress), Florida",2762,1525,107498,127963,12,27,2143.5,239748,119874.0,0.01788127533910606,1.7881275339106062
"Congressional District 28 (118th Congress), Florida",2439,529,104518,125009,12,28,1484.0,232495,116247.5,0.012765865932600701,1.2765865932600702
"Congressional District 1 (118th Congress), Georgia",1657,1205,110861,138415,13,01,1431.0,252138,126069.0,0.011350926873378865,1.1350926873378864
"Congressional District 2 (118th Congress), Georgia",1094,1193,119228,102546,13,02,1143.5,224061,112030.5,0.010207041832358153,1.0207041832358152
"Congressional District 3 (118th Congress), Georgia",1433,1003,113372,150708,13,03,1218.0,266516,133258.0,0.009140164192768915,0.9140164192768915
"Congressional District 4 (118th Congress), Georgia",3091,2693,111607,105740,13,04,2892.0,223131,111565.5,0.025921992013660137,2.5921992013660136
"Congressional District 5 (118th Congress), Georgia",4080,3769,104569,91575,13,05,3924.5,203993,101996.5,0.03847681047879094,3.8476810478790937
"Congressional District 6 (118th Congress), Georgia",1583,851,92146,183280,13,06,1217.0,277860,138930.0,0.008759807097099259,0.8759807097099259
"Congressional District 7 (118th Congress), Georgia",1205,1095,96689,136414,13,07,1150.0,235403,117701.5,0.009770478710976496,0.9770478710976496
"Congressional District 8 (118th Congress), Georgia",1538,996,110714,136989,13,08,1267.0,250237,125118.5,0.01012640017263634,1.012640017263634
"Congressional District 9 (118th Congress), Georgia",1093,110,111616,165603,13,09,601.5,278422,139211.0,0.004320779248766261,0.4320779248766261
"Congressional District 10 (118th Congress), Georgia",1420,870,122712,156781,13,10,1145.0,281783,140891.5,0.008126820993459506,0.8126820993459506
"Congressional District 11 (118th Congress), Georgia",2302,562,103907,154033,13,11,1432.0,260804,130402.0,0.010981426665235196,1.0981426665235197
"Congressional District 12 (118th Congress), Georgia",1643,455,108875,120624,13,12,1049.0,231597,115798.5,0.009058839276847282,0.9058839276847283
"Congressional District 13 (118th Congress), Georgia",2240,831,116515,109036,13,13,1535.5,228622,114311.0,0.013432653025518104,1.3432653025518104
"Congressional District 14 (118th Congress), Georgia",1577,1253,107267,147773,13,14,1415.0,257870,128935.0,0.010974522045992167,1.0974522045992168
"Congressional District 1 (118th Congress), Hawaii",1857,1339,88926,124520,15,01,1598.0,216642,108321.0,0.01475244874031813,1.475244874031813
"Congressional District 2 (118th Congress), Hawaii",1919,877,90496,119673,15,02,1398.0,212965,106482.5,0.01312891789730707,1.3128917897307069
"Congressional District 1 (118th Congress), Idaho",1596,465,140885,216116,16,01,1030.5,359062,179531.0,0.0057399557736546895,0.5739955773654689
"Congressional District 2 (118th Congress), Idaho",1190,1625,127409,190167,16,02,1407.5,320391,160195.5,0.008786139435876788,0.8786139435876787
"Congressional District 1 (118th Congress), Illinois",1295,412,112320,108339,17,01,853.5,222366,111183.0,0.007676533282965921,0.767653328296592
"Congressional District 2 (118th Congress), Illinois",1410,1524,107566,100995,17,02,1467.0,211495,105747.5,0.013872668384595381,1.3872668384595381
"Congressional District 3 (118th Congress), Illinois",2323,2699,96036,121144,17,03,2511.0,222202,111101.0,0.02260105669615935,2.260105669615935
"Congressional District 4 (118th Congress), Illinois",1511,843,85688,110646,17,04,1177.0,198688,99344.0,0.011847721050088581,1.1847721050088582
"Congressional District 5 (118th Congress), Illinois",3121,2405,100102,137906,17,05,2763.0,243534,121767.0,0.022690876838552317,2.269087683855232
"Congressional District 6 (118th Congress), Illinois",795,811,94060,145495,17,06,803.0,241161,120580.5,0.0066594515696982515,0.6659451569698251
"Congressional District 7 (118th Congress), Illinois",2148,2481,101160,91656,17,07,2314.5,197445,98722.5,0.02344450353262934,2.3444503532629337
"Congressional District 8 (118th Congress), Illinois",720,879,90388,147252,17,08,799.5,239239,119619.5,0.0066836928761614955,0.6683692876161496
"Congressional District 9 (118th Congress), Illinois",3669,5201,95336,135803,17,09,4435.0,240009,120004.5,0.03695694744780404,3.695694744780404
"Congressional District 10 (118th Congress), Illinois",1778,220,89264,151394,17,10,999.0,242656,121328.0,0.0082338784122379,0.82338784122379
"Congressional District 11 (118th Congress), Illinois",1648,639,97206,155382,17,11,1143.5,254875,127437.5,0.008973025993133888,0.8973025993133888
"Congressional District 12 (118th Congress), Illinois",1147,494,103861,150084,17,12,820.5,255586,127793.0,0.006420539466167943,0.6420539466167943
"Congressional District 13 (118th Congress), Illinois",1277,1490,102805,117255,17,13,1383.5,222827,111413.5,0.012417705215256678,1.2417705215256678
"Congressional District 14 (118th Congress), Illinois",1301,472,95494,139779,17,14,886.5,237046,118523.0,0.0074795609291023685,0.7479560929102369
"Congressional District 15 (118th Congress), Illinois",1327,646,103881,153720,17,15,986.5,259574,129787.0,0.007600915345912919,0.7600915345912919
"Congressional District 16 (118th Congress), Illinois",1035,1048,105976,159051,17,16,1041.5,267110,133555.0,0.007798285350604619,0.7798285350604619
"Congressional District 17 (118th Congress), Illinois",998,944,102560,116494,17,17,971.0,220996,110498.0,0.008787489366323372,0.8787489366323372
"Congressional District 1 (118th Congress), Indiana",1236,486,103397,133044,18,01,861.0,238163,119081.5,0.007230342244597188,0.7230342244597188
"Congressional District 2 (118th Congress), Indiana",1132,746,95649,137523,18,02,939.0,235050,117525.0,0.007989789406509254,0.7989789406509253
"Congressional District 3 (118th Congress), Indiana",1235,1345,99588,145333,18,03,1290.0,247501,123750.5,0.01042420030626139,1.0424200306261389
"Congressional District 4 (118th Congress), Indiana",1463,606,104646,152186,18,04,1034.5,258901,129450.5,0.007991471643601223,0.7991471643601222
"Congressional District 5 (118th Congress), Indiana",1072,1232,106186,154811,18,05,1152.0,263301,131650.5,0.008750441509906913,0.8750441509906913
"Congressional District 6 (118th Congress), Indiana",1643,1513,106921,145546,18,06,1578.0,255623,127811.5,0.01234630686597059,1.234630686597059
"Congressional District 1 (118th Congress), Iowa",790,1430,115417,161632,19,01,1110.0,279269,139634.5,0.00794932484450476,0.794932484450476
"Congressional District 7 (118th Congress), Indiana",3153,1315,108781,110103,18,07,2234.0,223352,111676.0,0.02000429814821448,2.000429814821448
"Congressional District 8 (118th Congress), Indiana",1759,1016,101452,143879,18,08,1387.5,248106,124053.0,0.011184735556576625,1.1184735556576624
"Congressional District 9 (118th Congress), Indiana",1506,1577,108487,149099,18,09,1541.5,260669,130334.5,0.011827259858287713,1.1827259858287713
"Congressional District 2 (118th Congress), Iowa",1416,497,110985,161061,19,02,956.5,273959,136979.5,0.0069827966958559496,0.698279669585595
"Congressional District 3 (118th Congress), Iowa",1063,944,112954,159002,19,03,1003.5,273963,136981.5,0.007325806769527272,0.7325806769527271
"Congressional District 4 (118th Congress), Iowa",1078,603,110357,158975,19,04,840.5,271013,135506.5,0.006202654485209197,0.6202654485209197
"Congressional District 1 (118th Congress), Kansas",1377,1048,100576,137271,20,01,1212.5,240272,120136.0,0.010092728241326497,1.0092728241326498
"Congressional District 2 (118th Congress), Kansas",1610,937,102681,141442,20,02,1273.5,246670,123335.0,0.010325536141403495,1.0325536141403495
"Congressional District 3 (118th Congress), Kansas",1985,1757,104023,156716,20,03,1871.0,264481,132240.5,0.014148464350936363,1.4148464350936363
"Congressional District 4 (118th Congress), Kansas",1421,1070,106226,138488,20,04,1245.5,247205,123602.5,0.0100766570255456,1.00766570255456
"Congressional District 1 (118th Congress), Kentucky",735,951,113101,148327,21,01,843.0,263114,131557.0,0.006407868832521264,0.6407868832521264
"Congressional District 2 (118th Congress), Kentucky",856,1628,115230,153038,21,02,1242.0,270752,135376.0,0.009174447464838672,0.9174447464838672
"Congressional District 3 (118th Congress), Kentucky",2770,1644,111364,119468,21,03,2207.0,235246,117623.0,0.01876333710243745,1.876333710243745
"Congressional District 4 (118th Congress), Kentucky",1369,930,111292,150862,21,04,1149.5,264453,132226.5,0.008693416221407962,0.8693416221407962
"Congressional District 5 (118th Congress), Kentucky",924,326,110431,144268,21,05,625.0,255949,127974.5,0.0048837854416309496,0.48837854416309495
"Congressional District 6 (118th Congress), Kentucky",1573,1256,109505,141811,21,06,1414.5,254145,127072.5,0.01113144071297881,1.113144071297881
"Congressional District 1 (118th Congress), Louisiana",1992,477,106618,144626,22,01,1234.5,253713,126856.5,0.009731468233791726,0.9731468233791726
"Congressional District 2 (118th Congress), Louisiana",1274,1832,111909,91936,22,02,1553.0,206951,103475.5,0.01500838362704215,1.500838362704215
"Congressional District 3 (118th Congress), Louisiana",913,920,116353,131582,22,03,916.5,249768,124884.0,0.007338810416066109,0.7338810416066109
"Congressional District 4 (118th Congress), Louisiana",1169,532,113702,126970,22,04,850.5,242373,121186.5,0.007018108452674184,0.7018108452674184
"Congressional District 5 (118th Congress), Louisiana",983,1121,109045,113010,22,05,1052.0,224159,112079.5,0.00938619462078257,0.938619462078257
"Congressional District 6 (118th Congress), Louisiana",1302,536,114053,149548,22,06,919.0,265439,132719.5,0.006924378105704136,0.6924378105704135
"Congressional District 1 (118th Congress), Maine",3160,1174,110950,148689,23,01,2167.0,263973,131986.5,0.016418345815670542,1.6418345815670543
"Congressional District 2 (118th Congress), Maine",2467,2086,104169,139900,23,02,2276.5,248622,124311.0,0.01831294093040841,1.831294093040841
"Congressional District 1 (118th Congress), Maryland",1185,367,116398,160076,24,01,776.0,278026,139013.0,0.005582211735593074,0.5582211735593074
"Congressional District 2 (118th Congress), Maryland",1397,698,101156,141558,24,02,1047.5,244809,122404.5,0.008557691914921428,0.8557691914921428
"Congressional District 3 (118th Congress), Maryland",2621,779,95710,152301,24,03,1700.0,251411,125705.5,0.01352367239301383,1.352367239301383
"Congressional District 4 (118th Congress), Maryland",1447,1424,92878,92693,24,04,1435.5,188442,94221.0,0.015235457063711912,1.5235457063711912
"Congressional District 5 (118th Congress), Maryland",1760,1248,113599,152174,24,05,1504.0,268781,134390.5,0.011191267239871867,1.1191267239871867
"Congressional District 6 (118th Congress), Maryland",1813,1509,98745,149748,24,06,1661.0,251815,125907.5,0.013192224450489447,1.3192224450489447
"Congressional District 7 (118th Congress), Maryland",1816,1350,113978,79179,24,07,1583.0,196323,98161.5,0.016126485434717275,1.6126485434717275
"Congressional District 8 (118th Congress), Maryland",2401,889,92810,151091,24,08,1645.0,247191,123595.5,0.013309546059524821,1.3309546059524822
"Congressional District 1 (118th Congress), Massachusetts",2557,1770,115275,126408,25,01,2163.5,246010,123005.0,0.017588715905857484,1.7588715905857484
"Congressional District 2 (118th Congress), Massachusetts",2259,1760,114510,145779,25,02,2009.5,264308,132154.0,0.015205744812869834,1.5205744812869835
"Congressional District 3 (118th Congress), Massachusetts",2260,1370,108928,134903,25,03,1815.0,247461,123730.5,0.014668978142010257,1.4668978142010256
"Congressional District 4 (118th Congress), Massachusetts",2624,789,115268,152075,25,04,1706.5,270756,135378.0,0.012605445493359334,1.2605445493359335
"Congressional District 5 (118th Congress), Massachusetts",2097,1794,109588,143048,25,05,1945.5,256527,128263.5,0.015167994012326188,1.5167994012326187
"Congressional District 6 (118th Congress), Massachusetts",2233,2433,112423,155149,25,06,2333.0,272238,136119.0,0.017139414776776205,1.7139414776776205
"Congressional District 7 (118th Congress), Massachusetts",2970,3052,107790,86168,25,07,3011.0,199980,99990.0,0.030113011301130112,3.011301130113011
"Congressional District 8 (118th Congress), Massachusetts",2930,1680,108598,134785,25,08,2305.0,247993,123996.5,0.018589234373550867,1.8589234373550867
"Congressional District 9 (118th Congress), Massachusetts",3383,1508,118380,164215,25,09,2445.5,287486,143743.0,0.017013002372289435,1.7013002372289434
"Congressional District 1 (118th Congress), Michigan",1755,1200,118430,174745,26,01,1477.5,296130,148065.0,0.009978725559720392,0.9978725559720393
"Congressional District 2 (118th Congress), Michigan",1220,635,108203,158150,26,02,927.5,268208,134104.0,0.006916273936646185,0.6916273936646185
"Congressional District 3 (118th Congress), Michigan",1095,1149,104956,143121,26,03,1122.0,250321,125160.5,0.008964489595359558,0.8964489595359557
"Congressional District 4 (118th Congress), Michigan",1007,1382,111331,149399,26,04,1194.5,263119,131559.5,0.00907954195630114,0.907954195630114
"Congressional District 5 (118th Congress), Michigan",851,940,110638,155038,26,05,895.5,267467,133733.5,0.006696153170297644,0.6696153170297644
"Congressional District 6 (118th Congress), Michigan",1801,1252,96285,151174,26,06,1526.5,250512,125256.0,0.012187040940154563,1.2187040940154563
"Congressional District 7 (118th Congress), Michigan",2561,1051,110701,153176,26,07,1806.0,267489,133744.5,0.013503359016632459,1.350335901663246
"Congressional District 8 (118th Congress), Michigan",1581,1594,116629,136939,26,08,1587.5,256743,128371.5,0.012366452055168009,1.236645205516801
"Congressional District 9 (118th Congress), Michigan",1309,786,108417,171775,26,09,1047.5,282287,141143.5,0.007421524901961479,0.7421524901961479
"Congressional District 10 (118th Congress), Michigan",1026,717,108502,141125,26,10,871.5,251370,125685.0,0.006934001670843776,0.6934001670843776
"Congressional District 11 (118th Congress), Michigan",1399,1618,98337,151427,26,11,1508.5,252781,126390.5,0.011935232473959672,1.1935232473959672
"Congressional District 12 (118th Congress), Michigan",1184,994,103328,103039,26,12,1089.0,208545,104272.5,0.010443789110263972,1.0443789110263972
"Congressional District 13 (118th Congress), Michigan",1339,1272,106470,87732,26,13,1305.5,196813,98406.5,0.013266400085360215,1.3266400085360215
"Congressional District 1 (118th Congress), Minnesota",1036,454,96748,144106,27,01,745.0,242344,121172.0,0.006148285082362262,0.6148285082362261
"Congressional District 5 (118th Congress), Minnesota",3768,4069,94376,100490,27,05,3918.5,202703,101351.5,0.03866247662836761,3.866247662836761
"Congressional District 2 (118th Congress), Minnesota",2182,1985,99376,149610,27,02,2083.5,253153,126576.5,0.016460401417324702,1.6460401417324702
"Congressional District 3 (118th Congress), Minnesota",2720,1522,93707,146032,27,03,2121.0,243981,121990.5,0.017386599776212083,1.7386599776212084
"Congressional District 4 (118th Congress), Minnesota",2052,1591,92529,120064,27,04,1821.5,216236,108118.0,0.016847333468987587,1.6847333468987586
"Congressional District 6 (118th Congress), Minnesota",1799,821,104231,152201,27,06,1310.0,259052,129526.0,0.010113799546037089,1.0113799546037088
"Congressional District 7 (118th Congress), Minnesota",875,766,100757,156037,27,07,820.5,258435,129217.5,0.006349759127053224,0.6349759127053224
"Congressional District 8 (118th Congress), Minnesota",1927,682,112985,152991,27,08,1304.5,268585,134292.5,0.009713870841633002,0.9713870841633002
"Congressional District 1 (118th Congress), Mississippi",356,1153,107342,143474,28,01,754.5,252325,126162.5,0.005980382443277519,0.5980382443277519
"Congressional District 2 (118th Congress), Mississippi",479,400,109008,98567,28,02,439.5,208454,104227.0,0.004216757653966822,0.4216757653966822
"Congressional District 3 (118th Congress), Mississippi",1006,157,107732,130334,28,03,581.5,239229,119614.5,0.004861450743847945,0.4861450743847945
"Congressional District 4 (118th Congress), Mississippi",1299,564,114029,133362,28,04,931.5,249254,124627.0,0.007474303321110193,0.7474303321110193
"Congressional District 1 (118th Congress), Missouri",2591,2863,117644,100404,29,01,2727.0,223502,111751.0,0.024402466197170496,2.44024661971705
"Congressional District 2 (118th Congress), Missouri",2011,757,99362,173478,29,02,1384.0,275608,137804.0,0.010043249833096282,1.0043249833096282
"Congressional District 3 (118th Congress), Missouri",1776,1432,110890,157289,29,03,1604.0,271387,135693.5,0.011820757810801549,1.1820757810801548
"Congressional District 4 (118th Congress), Missouri",1454,539,112639,159450,29,04,996.5,274082,137041.0,0.007271546471493933,0.7271546471493933
"Congressional District 5 (118th Congress), Missouri",2275,2498,110223,122515,29,05,2386.5,237511,118755.5,0.020095911347263917,2.0095911347263917
"Congressional District 6 (118th Congress), Missouri",1253,687,104152,156199,29,06,970.0,262291,131145.5,0.007396365105931961,0.7396365105931961
"Congressional District 7 (118th Congress), Missouri",1461,1586,118898,156262,29,07,1523.5,278207,139103.5,0.010952276542286858,1.0952276542286858
"Congressional District 8 (118th Congress), Missouri",940,858,107123,150901,29,08,899.0,259822,129911.0,0.006920122237531849,0.6920122237531849
"Congressional District 1 (118th Congress), Montana",1361,1562,85783,117799,30,01,1461.5,206505,103252.5,0.01415462095348781,1.4154620953487809
"Congressional District 2 (118th Congress), Montana",1817,195,77744,107677,30,02,1006.0,187433,93716.5,0.010734502462213164,1.0734502462213165
"Congressional District 1 (118th Congress), Nebraska",1014,1119,89498,128889,31,01,1066.5,220520,110260.0,0.009672592055142391,0.9672592055142392
"Congressional District 2 (118th Congress), Nebraska",638,608,91603,124050,31,02,623.0,216899,108449.5,0.005744609242089636,0.5744609242089636
"Congressional District 3 (118th Congress), Nebraska",764,492,95042,141386,31,03,628.0,237684,118842.0,0.0052843270897494155,0.5284327089749415
"Congressional District 1 (118th Congress), Nevada",2597,1147,101630,119634,32,01,1872.0,225008,112504.0,0.016639408376591055,1.6639408376591054
"Congressional District 2 (118th Congress), Nevada",1534,1343,108758,145761,32,02,1438.5,257396,128698.0,0.0111773298730361,1.11773298730361
"Congressional District 3 (118th Congress), Nevada",3108,1496,102447,126798,32,03,2302.0,233849,116924.5,0.019687918272047345,1.9687918272047344
"Congressional District 4 (118th Congress), Nevada",3262,1177,109109,126191,32,04,2219.5,239739,119869.5,0.018515969450110328,1.8515969450110328
"Congressional District 1 (118th Congress), New Hampshire",1718,1322,102020,140951,33,01,1520.0,246011,123005.5,0.012357171020808013,1.2357171020808013
"Congressional District 2 (118th Congress), New Hampshire",2126,1203,102105,146879,33,02,1664.5,252313,126156.5,0.013193929761843425,1.3193929761843426
"Congressional District 1 (118th Congress), New Jersey",2176,403,109524,133190,34,01,1289.5,245293,122646.5,0.010513956778220332,1.0513956778220332
"Congressional District 2 (118th Congress), New Jersey",1835,1183,115604,153344,34,02,1509.0,271966,135983.0,0.01109697535721377,1.109697535721377
"Congressional District 3 (118th Congress), New Jersey",1749,336,108153,160066,34,03,1042.5,270304,135152.0,0.007713537350538653,0.7713537350538653
"Congressional District 4 (118th Congress), New Jersey",1559,595,94236,160508,34,04,1077.0,256898,128449.0,0.00838465071740535,0.8384650717405351
"Congressional District 5 (118th Congress), New Jersey",1615,257,99221,161233,34,05,936.0,262326,131163.0,0.007136158825278471,0.713615882527847
"Congressional District 6 (118th Congress), New Jersey",1774,943,97684,135080,34,06,1358.5,235481,117740.5,0.011538085875293548,1.1538085875293547
"Congressional District 7 (118th Congress), New Jersey",1581,1026,101062,176461,34,07,1303.5,280130,140065.0,0.009306393460179202,0.9306393460179202
"Congressional District 8 (118th Congress), New Jersey",1994,1675,105413,112731,34,08,1834.5,221813,110906.5,0.016540960178168095,1.6540960178168096
"Congressional District 9 (118th Congress), New Jersey",1690,739,102925,125050,34,09,1214.5,230404,115202.0,0.010542351695283067,1.0542351695283068
"Congressional District 10 (118th Congress), New Jersey",2343,2015,109985,94826,34,10,2179.0,209169,104584.5,0.0208348273405715,2.08348273405715
"Congressional District 11 (118th Congress), New Jersey",2608,1132,101925,167426,34,11,1870.0,273091,136545.5,0.013695068676741452,1.3695068676741453
"Congressional District 12 (118th Congress), New Jersey",1613,626,98356,146686,34,12,1119.5,247281,123640.5,0.009054476486264614,0.9054476486264614
"Congressional District 1 (118th Congress), New Mexico",2873,2533,99430,120449,35,01,2703.0,225285,112642.5,0.023996271389573207,2.3996271389573205
"Congressional District 2 (118th Congress), New Mexico",1301,1142,100423,112452,35,02,1221.5,215318,107659.0,0.011346009158546893,1.1346009158546893
"Congressional District 3 (118th Congress), New Mexico",1291,1578,98927,111722,35,03,1434.5,213518,106759.0,0.013436806264577226,1.3436806264577226
"Congressional District 1 (118th Congress), New York",3090,1056,94887,155292,36,01,2073.0,254325,127162.5,0.01630197581834267,1.630197581834267
"Congressional District 2 (118th Congress), New York",1254,424,92218,126529,36,02,839.0,220425,110212.5,0.007612566632641488,0.7612566632641488
"Congressional District 3 (118th Congress), New York",1108,79,89100,161819,36,03,593.5,252106,126053.0,0.0047083369693700266,0.47083369693700267
"Congressional District 4 (118th Congress), New York",895,456,98188,143320,36,04,675.5,242859,121429.5,0.005562898636657485,0.5562898636657485
"Congressional District 5 (118th Congress), New York",738,373,104754,103510,36,05,555.5,209375,104687.5,0.005306268656716418,0.5306268656716417
"Congressional District 6 (118th Congress), New York",1503,500,94397,130109,36,06,1001.5,226509,113254.5,0.008842915734032643,0.8842915734032644
"Congressional District 7 (118th Congress), New York",3719,3052,97353,97141,36,07,3385.5,201265,100632.5,0.033642213002757555,3.3642213002757555
"Congressional District 8 (118th Congress), New York",1710,1458,111668,92829,36,08,1584.0,207665,103832.5,0.015255339127922376,1.5255339127922376
"Congressional District 9 (118th Congress), New York",2517,1592,106120,100798,36,09,2054.5,211027,105513.5,0.019471442042961327,1.9471442042961327
"Congressional District 10 (118th Congress), New York",6759,3183,90462,107073,36,10,4971.0,207477,103738.5,0.047918564467386744,4.791856446738675
"Congressional District 11 (118th Congress), New York",914,477,96902,131794,36,11,695.5,230087,115043.5,0.006045539296005424,0.6045539296005424
"Congressional District 15 (118th Congress), New York",1352,527,106006,64883,36,15,939.5,172768,86384.0,0.010875856640118541,1.0875856640118542
"Congressional District 12 (118th Congress), New York",5755,3594,86889,122204,36,12,4674.5,218442,109221.0,0.04279854606714826,4.279854606714826
"Congressional District 13 (118th Congress), New York",3112,2657,109405,67378,36,13,2884.5,182552,91276.0,0.031601954511591215,3.1601954511591215
"Congressional District 14 (118th Congress), New York",1805,1238,109434,92524,36,14,1521.5,205001,102500.5,0.014843830030097415,1.4843830030097416
"Congressional District 16 (118th Congress), New York",2219,723,103765,129096,36,16,1471.0,235803,117901.5,0.01247651641412535,1.247651641412535
"Congressional District 17 (118th Congress), New York",1541,319,90748,154390,36,17,930.0,246998,123499.0,0.007530425347573665,0.7530425347573665
"Congressional District 18 (118th Congress), New York",1429,1581,103752,143393,36,18,1505.0,250155,125077.5,0.01203253982530831,1.203253982530831
"Congressional District 19 (118th Congress), New York",2899,1819,110788,136862,36,19,2359.0,252368,126184.0,0.018694921701642046,1.8694921701642047
"Congressional District 20 (118th Congress), New York",1821,2695,116902,131366,36,20,2258.0,252784,126392.0,0.017865054750300653,1.7865054750300653
"Congressional District 21 (118th Congress), New York",2212,900,118916,152165,36,21,1556.0,274193,137096.5,0.011349669758163046,1.1349669758163046
"Congressional District 22 (118th Congress), New York",2046,1178,109485,131493,36,22,1612.0,244202,122101.0,0.013202185076289301,1.3202185076289301
"Congressional District 23 (118th Congress), New York",1415,784,109872,152278,36,23,1099.5,264349,132174.5,0.008318548585392795,0.8318548585392795
"Congressional District 24 (118th Congress), New York",1476,855,113463,148830,36,24,1165.5,264624,132312.0,0.008808724832214765,0.8808724832214765
"Congressional District 25 (118th Congress), New York",1285,1481,112645,130353,36,25,1383.0,245764,122882.0,0.011254699630539867,1.1254699630539866
"Congressional District 26 (118th Congress), New York",2307,1231,111179,117260,36,26,1769.0,231977,115988.5,0.01525151200334516,1.525151200334516
"Congressional District 1 (118th Congress), North Carolina",580,1489,121562,130664,37,01,1034.5,254295,127147.5,0.0081362197447846,0.8136219744784601
"Congressional District 2 (118th Congress), North Carolina",1568,1968,105130,156087,37,02,1768.0,264753,132376.5,0.013355844881833256,1.3355844881833256
"Congressional District 3 (118th Congress), North Carolina",523,595,115555,155681,37,03,559.0,272354,136177.0,0.0041049516438165035,0.41049516438165035
"Congressional District 4 (118th Congress), North Carolina",1539,2674,114004,139699,37,04,2106.5,257916,128958.0,0.016334775663394283,1.6334775663394283
"Congressional District 5 (118th Congress), North Carolina",1612,1395,110469,143709,37,05,1503.5,257185,128592.5,0.011691972704473433,1.1691972704473432
"Congressional District 6 (118th Congress), North Carolina",1192,1550,111713,129892,37,06,1371.0,244347,122173.5,0.011221746123340986,1.1221746123340985
"Congressional District 7 (118th Congress), North Carolina",1291,1168,123742,149565,37,07,1229.5,275766,137883.0,0.008916980338402849,0.8916980338402849
"Congressional District 8 (118th Congress), North Carolina",1454,1165,112848,157767,37,08,1309.5,273234,136617.0,0.009585190715650322,0.9585190715650322
"Congressional District 9 (118th Congress), North Carolina",1125,986,112838,144963,37,09,1055.5,259912,129956.0,0.00812197974699129,0.812197974699129
"Congressional District 10 (118th Congress), North Carolina",1828,714,113675,162588,37,10,1271.0,278805,139402.5,0.009117483545847457,0.9117483545847457
"Congressional District 11 (118th Congress), North Carolina",1743,1563,108254,151198,37,11,1653.0,262758,131379.0,0.012581919484849177,1.2581919484849178
"Congressional District 12 (118th Congress), North Carolina",1801,1507,105332,130985,37,12,1654.0,239625,119812.5,0.013804903495044341,1.380490349504434
"Congressional District 13 (118th Congress), North Carolina",1061,1419,114392,164648,37,13,1240.0,281520,140760.0,0.008809320829781187,0.8809320829781188
"Congressional District 14 (118th Congress), North Carolina",2437,1368,114642,140431,37,14,1902.5,258878,129439.0,0.014698043093658016,1.4698043093658015
"Congressional District (at Large) (118th Congress), North Dakota",553,988,104360,154599,38,00,770.5,260500,130250.0,0.0059155470249520154,0.5915547024952016
"Congressional District 1 (118th Congress), Ohio",2506,1346,106649,138572,39,01,1926.0,249073,124536.5,0.015465345501118145,1.5465345501118146
"Congressional District 2 (118th Congress), Ohio",1349,956,117521,155929,39,02,1152.5,275755,137877.5,0.008358869286141683,0.8358869286141682
"Congressional District 3 (118th Congress), Ohio",2256,2884,112321,112200,39,03,2570.0,229661,114830.5,0.022380813459838632,2.238081345983863
"Congressional District 4 (118th Congress), Ohio",888,1342,109161,163614,39,04,1115.0,275005,137502.5,0.008108943473755023,0.8108943473755024
"Congressional District 5 (118th Congress), Ohio",784,369,114129,157836,39,05,576.5,273118,136559.0,0.004221618494570112,0.42216184945701124
"Congressional District 6 (118th Congress), Ohio",1101,395,109984,144801,39,06,748.0,256281,128140.5,0.005837342604406882,0.5837342604406882
"Congressional District 7 (118th Congress), Ohio",1114,481,108191,159472,39,07,797.5,269258,134629.0,0.005923686575700629,0.5923686575700629
"Congressional District 8 (118th Congress), Ohio",1185,568,110571,151728,39,08,876.5,264052,132026.0,0.0066388438640873765,0.6638843864087376
"Congressional District 9 (118th Congress), Ohio",1390,1358,120421,145815,39,09,1374.0,268984,134492.0,0.010216221039169616,1.0216221039169617
"Congressional District 10 (118th Congress), Ohio",1710,956,116128,135180,39,10,1333.0,253974,126987.0,0.010497137502264012,1.0497137502264011
"Congressional District 11 (118th Congress), Ohio",1457,1517,116684,91235,39,11,1487.0,210893,105446.5,0.014101937949576326,1.4101937949576326
"Congressional District 12 (118th Congress), Ohio",769,962,107829,159956,39,12,865.5,269516,134758.0,0.0064226242597842055,0.6422624259784205
"Congressional District 13 (118th Congress), Ohio",1299,1310,114962,142818,39,13,1304.5,260389,130194.5,0.010019624484905277,1.0019624484905276
"Congressional District 14 (118th Congress), Ohio",1065,912,112571,151371,39,14,988.5,265919,132959.5,0.0074345947450163395,0.743459474501634
"Congressional District 15 (118th Congress), Ohio",2871,1687,113176,138194,39,15,2279.0,255928,127964.0,0.017809696477134193,1.7809696477134194
"Congressional District 1 (118th Congress), Oklahoma",1205,1983,109355,144687,40,01,1594.0,257230,128615.0,0.012393577731990825,1.2393577731990826
"Congressional District 2 (118th Congress), Oklahoma",1555,490,120189,150165,40,02,1022.5,272399,136199.5,0.007507369704000382,0.7507369704000382
"Congressional District 3 (118th Congress), Oklahoma",1230,1034,108955,133149,40,03,1132.0,244368,122184.0,0.00926471551103254,0.9264715511032541
"Congressional District 4 (118th Congress), Oklahoma",1392,843,114486,148546,40,04,1117.5,265267,132633.5,0.008425473202471473,0.8425473202471473
"Congressional District 5 (118th Congress), Oklahoma",919,1391,111563,153882,40,05,1155.0,267755,133877.5,0.008627289873204982,0.8627289873204982
"Congressional District 1 (118th Congress), Oregon",2856,2617,100721,131001,41,01,2736.5,237195,118597.5,0.023073842197348173,2.3073842197348173
"Congressional District 2 (118th Congress), Oregon",1261,683,108719,137921,41,02,972.0,248584,124292.0,0.007820294146043188,0.7820294146043189
"Congressional District 3 (118th Congress), Oregon",2957,3496,102968,115136,41,03,3226.5,224557,112278.5,0.028736579131356403,2.87365791313564
"Congressional District 4 (118th Congress), Oregon",2701,1653,111435,132075,41,04,2177.0,247864,123932.0,0.017566084627053547,1.7566084627053546
"Congressional District 5 (118th Congress), Oregon",1569,1482,108125,150504,41,05,1525.5,261680,130840.0,0.011659278508101499,1.1659278508101498
"Congressional District 6 (118th Congress), Oregon",2093,882,101829,131965,41,06,1487.5,236769,118384.5,0.012564989504538179,1.256498950453818
"Congressional District 4 (118th Congress), Pennsylvania",1479,715,104244,159943,42,04,1097.0,266381,133190.5,0.00823632316118642,0.8236323161186421
"Congressional District 1 (118th Congress), Pennsylvania",1432,555,103080,169101,42,01,993.5,274168,137084.0,0.00724738116775116,0.724738116775116
"Congressional District 2 (118th Congress), Pennsylvania",865,2495,109813,95357,42,02,1680.0,208530,104265.0,0.016112789526686808,1.6112789526686808
"Congressional District 3 (118th Congress), Pennsylvania",3104,3152,116302,87286,42,03,3128.0,209844,104922.0,0.02981262271020377,2.9812622710203773
"Congressional District 5 (118th Congress), Pennsylvania",2038,1370,102536,124270,42,05,1704.0,230214,115107.0,0.014803617503713935,1.4803617503713935
"Congressional District 6 (118th Congress), Pennsylvania",916,777,103204,156062,42,06,846.5,260959,130479.5,0.006487609164658049,0.6487609164658049
"Congressional District 7 (118th Congress), Pennsylvania",1086,1089,110100,147055,42,07,1087.5,259330,129665.0,0.008386997262175606,0.8386997262175606
"Congressional District 8 (118th Congress), Pennsylvania",1360,1123,103808,131907,42,08,1241.5,238198,119099.0,0.010424100958026516,1.0424100958026516
"Congressional District 9 (118th Congress), Pennsylvania",987,1359,107221,149857,42,09,1173.0,259424,129712.0,0.009043110891821882,0.9043110891821882
"Congressional District 10 (118th Congress), Pennsylvania",1824,1616,108477,147112,42,10,1720.0,259029,129514.5,0.01328036629103305,1.328036629103305
"Congressional District 11 (118th Congress), Pennsylvania",876,1591,100471,159045,42,11,1233.5,261983,130991.5,0.009416641537809705,0.9416641537809705
"Congressional District 12 (118th Congress), Pennsylvania",2213,1647,110549,129094,42,12,1930.0,243503,121751.5,0.015851960756130313,1.5851960756130312
"Congressional District 13 (118th Congress), Pennsylvania",872,515,104087,153140,42,13,693.5,258614,129307.0,0.005363205394912882,0.5363205394912882
"Congressional District 14 (118th Congress), Pennsylvania",1151,874,110451,154093,42,14,1012.5,266569,133284.5,0.0075965322299292115,0.7596532229929212
"Congressional District 15 (118th Congress), Pennsylvania",1417,571,103519,152292,42,15,994.0,257799,128899.5,0.00771143410176145,0.771143410176145
"Congressional District 16 (118th Congress), Pennsylvania",1772,476,107379,147412,42,16,1124.0,257039,128519.5,0.008745754535303981,0.8745754535303981
"Congressional District 17 (118th Congress), Pennsylvania",1653,1519,107357,155819,42,17,1586.0,266348,133174.0,0.011909231531680359,1.1909231531680358
"Congressional District 1 (118th Congress), Rhode Island",2231,1654,78271,85659,44,01,1942.5,167815,83907.5,0.023150493102523612,2.3150493102523613
"Congressional District 2 (118th Congress), Rhode Island",1419,1078,78974,103940,44,02,1248.5,185411,92705.5,0.013467377879413843,1.3467377879413842
"Congressional District 1 (118th Congress), South Carolina",969,1219,111648,169255,45,01,1094.0,283091,141545.5,0.007728963478174863,0.7728963478174863
"Congressional District 2 (118th Congress), South Carolina",2197,1053,112915,146425,45,02,1625.0,262590,131295.0,0.012376708937887962,1.2376708937887961
"Congressional District 3 (118th Congress), South Carolina",1088,1033,119193,151443,45,03,1060.5,272757,136378.5,0.0077761523993884665,0.7776152399388466
"Congressional District 4 (118th Congress), South Carolina",773,988,114054,157178,45,04,880.5,272993,136496.5,0.006450714853494412,0.6450714853494413
"Congressional District 5 (118th Congress), South Carolina",1040,825,115744,146820,45,05,932.5,264429,132214.5,0.007052932923393425,0.7052932923393425
"Congressional District 6 (118th Congress), South Carolina",1941,1136,113345,109446,45,06,1538.5,225868,112934.0,0.01362300104485806,1.3623001044858059
"Congressional District 7 (118th Congress), South Carolina",1533,582,121629,144174,45,07,1057.5,267918,133959.0,0.007894206436297672,0.7894206436297673
"Congressional District (at Large) (118th Congress), South Dakota",1079,635,121711,180867,46,00,857.0,304292,152146.0,0.00563274749254006,0.563274749254006
"Congressional District 1 (118th Congress), Tennessee",1330,1056,117305,155388,47,01,1193.0,275079,137539.5,0.00867387186953566,0.867387186953566
"Congressional District 2 (118th Congress), Tennessee",1421,1488,115918,160392,47,02,1454.5,279219,139609.5,0.01041834545643384,1.041834545643384
"Congressional District 3 (118th Congress), Tennessee",1180,719,112309,148697,47,03,949.5,262905,131452.5,0.007223141438922805,0.7223141438922805
"Congressional District 4 (118th Congress), Tennessee",857,630,106522,154238,47,04,743.5,262247,131123.5,0.005670226923472909,0.5670226923472909
"Congressional District 5 (118th Congress), Tennessee",1708,1254,106972,168908,47,05,1481.0,278842,139421.0,0.010622503066252573,1.0622503066252573
"Congressional District 6 (118th Congress), Tennessee",1284,1590,115000,159825,47,06,1437.0,277699,138849.5,0.010349335071426257,1.0349335071426258
"Congressional District 7 (118th Congress), Tennessee",798,872,117713,155872,47,07,835.0,275255,137627.5,0.006067101415051498,0.6067101415051498
"Congressional District 8 (118th Congress), Tennessee",1428,943,112058,149145,47,08,1185.5,263574,131787.0,0.008995576194920592,0.8995576194920591
"Congressional District 9 (118th Congress), Tennessee",1401,560,112888,84624,47,09,980.5,199473,99736.5,0.009830904433181433,0.9830904433181433
"Congressional District 1 (118th Congress), Texas",795,521,110393,143800,48,01,658.0,255509,127754.5,0.005150503504768912,0.5150503504768912
"Congressional District 2 (118th Congress), Texas",1795,621,105640,171582,48,02,1208.0,279638,139819.0,0.008639741379926905,0.8639741379926905
"Congressional District 3 (118th Congress), Texas",1287,177,103583,187328,48,03,732.0,292375,146187.5,0.005007268063274904,0.5007268063274904
"Congressional District 4 (118th Congress), Texas",1607,885,100103,173449,48,04,1246.0,276044,138022.0,0.009027546333193259,0.9027546333193258
"Congressional District 5 (118th Congress), Texas",1513,386,105879,148198,48,05,949.5,255976,127988.0,0.0074186642497734165,0.7418664249773417
"Congressional District 6 (118th Congress), Texas",923,844,104469,141374,48,06,883.5,247610,123805.0,0.00713622228504503,0.7136222285045031
"Congressional District 7 (118th Congress), Texas",1988,3185,93793,133100,48,07,2586.5,232066,116033.0,0.022291072367343772,2.2291072367343774
"Congressional District 8 (118th Congress), Texas",1186,1612,118289,175010,48,08,1399.0,296097,148048.5,0.009449606041263504,0.9449606041263504
"Congressional District 9 (118th Congress), Texas",523,698,106941,116205,48,09,610.5,224367,112183.5,0.005441976761288425,0.5441976761288425
"Congressional District 10 (118th Congress), Texas",1753,656,112412,161474,48,10,1204.5,276295,138147.5,0.00871894171085253,0.871894171085253
"Congressional District 11 (118th Congress), Texas",1418,736,112056,145623,48,11,1077.0,259833,129916.5,0.008289940076895545,0.8289940076895544
"Congressional District 12 (118th Congress), Texas",2037,781,111730,151170,48,12,1409.0,265718,132859.0,0.010605228098962057,1.0605228098962056
"Congressional District 13 (118th Congress), Texas",1312,1202,103010,137786,48,13,1257.0,243310,121655.0,0.01033249763675969,1.033249763675969
"Congressional District 14 (118th Congress), Texas",1828,314,100858,144626,48,14,1071.0,247626,123813.0,0.008650141746020207,0.8650141746020208
"Congressional District 15 (118th Congress), Texas",1050,866,106188,130058,48,15,958.0,238162,119081.0,0.00804494419764698,0.804494419764698
"Congressional District 16 (118th Congress), Texas",1711,921,101394,118186,48,16,1316.0,222212,111106.0,0.011844544849063056,1.1844544849063057
"Congressional District 17 (118th Congress), Texas",1137,1069,106752,140346,48,17,1103.0,249304,124652.0,0.008848634598722845,0.8848634598722845
"Congressional District 18 (118th Congress), Texas",2086,1359,109172,100716,48,18,1722.5,213333,106666.5,0.01614846273197302,1.614846273197302
"Congressional District 19 (118th Congress), Texas",1235,976,111098,131761,48,19,1105.5,245070,122535.0,0.009021912106745012,0.9021912106745013
"Congressional District 20 (118th Congress), Texas",2049,1893,100033,109298,48,20,1971.0,213273,106636.5,0.01848335232307887,1.848335232307887
"Congressional District 24 (118th Congress), Texas",2239,907,99225,161653,48,24,1573.0,264024,132012.0,0.01191558343180923,1.191558343180923
"Congressional District 21 (118th Congress), Texas",1138,986,114819,176911,48,21,1062.0,293854,146927.0,0.007228079250239915,0.7228079250239915
"Congressional District 22 (118th Congress), Texas",1697,570,105788,183384,48,22,1133.5,291439,145719.5,0.007778643215218279,0.7778643215218279
"Congressional District 23 (118th Congress), Texas",1501,853,97302,142979,48,23,1177.0,242635,121317.5,0.009701815484163455,0.9701815484163455
"Congressional District 25 (118th Congress), Texas",788,988,109025,152321,48,25,888.0,263122,131561.0,0.0067497206618982826,0.6749720661898283
"Congressional District 26 (118th Congress), Texas",2489,636,106914,188223,48,26,1562.5,298262,149131.0,0.010477365537681636,1.0477365537681635
"Congressional District 27 (118th Congress), Texas",982,478,113121,141499,48,27,730.0,256080,128040.0,0.00570134333020931,0.570134333020931
"Congressional District 28 (118th Congress), Texas",1732,742,111022,121888,48,28,1237.0,235384,117692.0,0.010510484994732013,1.0510484994732012
"Congressional District 29 (118th Congress), Texas",1744,971,97196,106631,48,29,1357.5,206542,103271.0,0.013145026193219781,1.3145026193219782
"Congressional District 30 (118th Congress), Texas",3940,1370,108571,103195,48,30,2655.0,217076,108538.0,0.024461478929038678,2.4461478929038676
"Congressional District 31 (118th Congress), Texas",1681,989,114480,183734,48,31,1335.0,300884,150442.0,0.008873851716940748,0.8873851716940748
"Congressional District 32 (118th Congress), Texas",1289,2152,90290,116151,48,32,1720.5,209882,104941.0,0.016394926673082972,1.6394926673082972
"Congressional District 33 (118th Congress), Texas",1658,2189,86682,100274,48,33,1923.5,190803,95401.5,0.020162156779505565,2.0162156779505565
"Congressional District 34 (118th Congress), Texas",1400,843,104775,121291,48,34,1121.5,228309,114154.5,0.009824404644582561,0.9824404644582561
"Congressional District 35 (118th Congress), Texas",3195,2724,114028,114522,48,35,2959.5,234469,117234.5,0.025244275362627897,2.5244275362627895
"Congressional District 36 (118th Congress), Texas",1719,659,105051,148314,48,36,1189.0,255743,127871.5,0.00929839721908322,0.929839721908322
"Congressional District 37 (118th Congress), Texas",3740,3654,94391,130143,48,37,3697.0,231928,115964.0,0.03188058362940223,3.188058362940223
"Congressional District 38 (118th Congress), Texas",1429,835,101304,162537,48,38,1132.0,266105,133052.5,0.00850791980609158,0.850791980609158
"Congressional District 1 (118th Congress), Utah",1944,812,114845,170455,49,01,1378.0,288056,144028.0,0.009567584080873163,0.9567584080873163
"Congressional District 2 (118th Congress), Utah",1308,949,106848,160720,49,02,1128.5,269825,134912.5,0.008364680811637172,0.8364680811637172
"Congressional District 3 (118th Congress), Utah",864,1499,109445,167580,49,03,1181.5,279388,139694.0,0.008457771987343765,0.8457771987343765
"Congressional District 4 (118th Congress), Utah",1690,872,107551,173648,49,04,1281.0,283761,141880.5,0.009028724877625889,0.9028724877625889
"Congressional District (at Large) (118th Congress), Vermont",2850,1691,101091,129124,50,00,2270.5,234756,117378.0,0.019343488558332907,1.9343488558332906
"Congressional District 1 (118th Congress), Virginia",903,981,116831,181422,51,01,942.0,300137,150068.5,0.00627713344239464,0.627713344239464
"Congressional District 2 (118th Congress), Virginia",1582,696,111541,154298,51,02,1139.0,268117,134058.5,0.008496290798420092,0.8496290798420092
"Congressional District 3 (118th Congress), Virginia",2558,2262,118955,111647,51,03,2410.0,235422,117711.0,0.020473872450323248,2.0473872450323247
"Congressional District 4 (118th Congress), Virginia",2101,2349,118485,119386,51,04,2225.0,242321,121160.5,0.018364070798651377,1.8364070798651377
"Congressional District 5 (118th Congress), Virginia",1226,936,114570,147618,51,05,1081.0,264350,132175.0,0.008178551163230565,0.8178551163230565
"Congressional District 6 (118th Congress), Virginia",1251,1646,112406,149327,51,06,1448.5,264630,132315.0,0.010947360465555682,1.0947360465555682
"Congressional District 7 (118th Congress), Virginia",879,1822,103254,152728,51,07,1350.5,258683,129341.5,0.010441350997166416,1.0441350997166416
"Congressional District 8 (118th Congress), Virginia",1908,1479,90784,142002,51,08,1693.5,236173,118086.5,0.014341182099562609,1.4341182099562608
"Congressional District 9 (118th Congress), Virginia",1452,741,111297,152704,51,09,1096.5,266194,133097.0,0.008238352479770393,0.8238352479770392
"Congressional District 10 (118th Congress), Virginia",1164,587,88945,170094,51,10,875.5,260790,130395.0,0.006714214502089804,0.6714214502089805
"Congressional District 11 (118th Congress), Virginia",1236,1093,88387,163787,51,11,1164.5,254503,127251.5,0.009151169141424659,0.9151169141424659
"Congressional District 1 (118th Congress), Washington",3095,671,96211,162421,53,01,1883.0,262398,131199.0,0.014352243538441604,1.4352243538441605
"Congressional District 2 (118th Congress), Washington",2632,1493,108464,152526,53,02,2062.5,265115,132557.5,0.015559285593044528,1.5559285593044527
"Congressional District 3 (118th Congress), Washington",1530,1631,114560,156688,53,03,1580.5,274409,137204.5,0.011519301480636568,1.1519301480636568
"Congressional District 4 (118th Congress), Washington",1315,267,100867,134792,53,04,791.0,237241,118620.5,0.00666832461505389,0.666832461505389
"Congressional District 5 (118th Congress), Washington",2382,1149,109916,145666,53,05,1765.5,259113,129556.5,0.013627259149483045,1.3627259149483044
"Congressional District 6 (118th Congress), Washington",2216,1435,111138,149729,53,06,1825.5,264518,132259.0,0.013802463348429975,1.3802463348429974
"Congressional District 7 (118th Congress), Washington",5742,5392,97281,132174,53,07,5567.0,240589,120294.5,0.04627809251462037,4.627809251462037
"Congressional District 8 (118th Congress), Washington",1584,1081,104314,173970,53,08,1332.5,280949,140474.5,0.00948570737037683,0.9485707370376829
"Congressional District 9 (118th Congress), Washington",3257,2118,94906,132219,53,09,2687.5,232500,116250.0,0.023118279569892472,2.311827956989247
"Congressional District 10 (118th Congress), Washington",3233,1063,114557,139484,53,10,2148.0,258337,129168.5,0.016629441388573838,1.6629441388573838
"Congressional District 1 (118th Congress), West Virginia",1346,1036,123800,160900,54,01,1191.0,287082,143541.0,0.008297280916253893,0.8297280916253893
"Congressional District 2 (118th Congress), West Virginia",2164,865,132993,172658,54,02,1514.5,308680,154340.0,0.00981275106906829,0.9812751069068291
"Congressional District 1 (118th Congress), Wisconsin",1339,1624,101438,136356,55,01,1481.5,240757,120378.5,0.012307014956989827,1.2307014956989828
"Congressional District 2 (118th Congress), Wisconsin",2152,1394,104828,143449,55,02,1773.0,251823,125911.5,0.014081319021693808,1.4081319021693808
"Congressional District 3 (118th Congress), Wisconsin",542,1524,106782,145821,55,03,1033.0,254669,127334.5,0.008112491115919095,0.8112491115919095
"Congressional District 4 (118th Congress), Wisconsin",1902,1387,105365,90513,55,04,1644.5,199167,99583.5,0.01651377989325541,1.651377989325541
"Congressional District 5 (118th Congress), Wisconsin",571,459,100000,165933,55,05,515.0,266963,133481.5,0.003858212561291265,0.3858212561291265
"Congressional District 6 (118th Congress), Wisconsin",465,844,102154,151004,55,06,654.5,254467,127233.5,0.005144085480632066,0.5144085480632066
"Congressional District 7 (118th Congress), Wisconsin",956,590,111307,168866,55,07,773.0,281719,140859.5,0.00548773778126431,0.548773778126431
"Congressional District 8 (118th Congress), Wisconsin",1121,761,111290,157060,55,08,941.0,270232,135116.0,0.0069643861570798426,0.6964386157079843
"Congressional District (at Large) (118th Congress), Wyoming",1082,579,85729,119353,56,00,830.5,206743,103371.5,0.008034129329650823,0.8034129329650823
"Resident Commissioner District (at Large) (118th Congress), Puerto Rico",2789,4639,480853,430912,72,98,3714.0,919193,459596.5,0.008081001487174076,0.8081001487174077
